CIK,CompanyName
0001783655,Blackstone (PTI Fund Feeder) (Cayman) L.P.
0001784204,Blackstone (PTI Fund Holdings) (DE) L.P.
0001480959,Blackstone / GSO Capital Solutions Associates LLC
0001464972,Blackstone / GSO Capital Solutions Fund LP
0001539557,BLACKSTONE / GSO CAPITAL SOLUTIONS HOLDINGS (AS) L.P.
0001495168,Blackstone / GSO Capital Solutions Holdings L.P.
0001495169,Blackstone / GSO Capital Solutions Offshore Funding (Luxembourg) Sarl
0001495171,Blackstone / GSO Capital Solutions Onshore Funding (Luxembourg) Sarl
0001561128,Blackstone / GSO Capital Solutions Overseas Associates LLC
0001481357,Blackstone / GSO Capital Solutions Overseas Fund L.P.
0001539958,BLACKSTONE / GSO CAPITAL SOLUTIONS OVERSEAS MASTER (AIV) FUND L.P.
0001539558,BLACKSTONE / GSO CAPITAL SOLUTIONS OVERSEAS MASTER FUND (AS) L.P.
0001495172,Blackstone / GSO Capital Solutions Overseas Master Fund L.P.
0001812870,Blackstone CLO Management LLC (Management Series)
0001683478,Blackstone / GSO Credit Strategies IDF LP
0001736668,Blackstone / GSO Debt Funds Europe Ltd
0001736669,Blackstone Ireland Fund Management Ltd
0001549520,Blackstone Ireland Ltd
0001504234,Blackstone Long-Short Credit Income Fund
0001548810,Blackstone European Senior Loan Fund
0001710523,Blackstone Floating Rate Enhanced Income Fund
0001516855,Blackstone / GSO Global Floating Rate Fund
0001733982,Blackstone / GSO Global Dynamic Credit Funding Designated Activity Co
0001615019,BLACKSTONE / GSO GLOBAL DYNAMIC CREDIT GBP FEEDER FUND (IRELAND)
0001812725,BLACKSTONE / GSO GLOBAL DYNAMIC CREDIT MASTER FUND
0001603995,BLACKSTONE / GSO GLOBAL DYNAMIC CREDIT USD FEEDER FUND (IRELAND)
0001548809,BLACKSTONE / GSO INVESTMENT FUNDS
0001548808,BLACKSTONE / GSO LOAN FUNDING LTD.
0001503908,Blackstone / GSO Market Neutral Credit Fund LP
0001539961,BLACKSTONE / GSO MARKET NEUTRAL CREDIT MASTER FUND LP
0001521531,Blackstone / GSO Market Neutral Credit Overseas Fund Ltd
0001736035,Blackstone Secured Lending Fund
0001498635,Blackstone Secured Trust Feeder LP
0001494181,Blackstone Secured Trust Ltd
0001733983,Blackstone Secured Trust Ltd.
0001539966,BLACKSTONE / GSO SENIOR FLOATING RATE CORPORATE LOAN FUND LP (A SUB-FUND OF LAMP FUNDS (IRE) 1 PLC)
0001486298,Blackstone Senior Floating Rate 2027 Term Fund
0001544228,Blackstone / GSO Short Duration High Yield Fund
0001546429,Blackstone Strategic Credit 2027 Term Fund
0001812723,BLACKSTONE US LOAN MASTER FUND
0001642000,Blackstone US Loan USD Feeder Fund (Ireland)
0001593793,Blackstone A23 Holdings LLC
0000792326,BLACKSTONE SECURITIES PARTNERS L.P.
0001720410,Blackstone Advisory Services L.L.C.
0001607666,Blackstone AG Investment Partners L.P.
0001749303,BLACKSTONE ALC FUND L.P.
0002075644,Blackstone Allure Co-Invest (CYM) L.P.
0001728458,"Blackstone Alt Sol IV (Offshore), L.P.-SIF"
0001535091,Blackstone Alternative Alpha Fund
0001566814,Blackstone Alternative Alpha Fund II
0001535092,Blackstone Alternative Alpha Master Fund
0001749305,BLACKSTONE ALTERNATIVE ALPHA SUB FUND I LTD.
0001753711,Blackstone Alternative Asset Management L.P.
0001019677,BLACKSTONE ALTERNATIVE ASSET MANAGEMENT LP /ADV
0001362495,Blackstone Alternative Credit Advisors LP
0001675696,Blackstone Alternative Investment Advisors LLC
0001557794,Blackstone Alternative Investment Funds
0001748721,BLACKSTONE ALTERNATIVE MULTI-STRATEGY FUND
0001748722,BLACKSTONE ALTERNATIVE MULTI-STRATEGY SUB FUND II LTD
0001748723,BLACKSTONE ALTERNATIVE MULTI-STRATEGY SUB FUND III L.L.C.
0001748724,BLACKSTONE ALTERNATIVE MULTI-STRATEGY SUB FUND IV L.L.C.
0001728531,Blackstone Alternative Solutions L.L.C.
0001617858,BlackStone Alternatives Solution 2014 Trust
0001617857,BlackStone Alternatives Solution 2014 Trust (Tax Exempt)
0001660143,Blackstone Alternatives Solution 2015 Trust
0001660161,Blackstone Alternatives Solution 2015 Trust (Tax Exempt)
0001692461,Blackstone Alternatives Solution 2016 Fund (Offshore) L.P.
0001692460,Blackstone Alternatives Solution 2016 Trust
0001728189,"Blackstone Alternatives Solution IV Fund (Offshore), L.P."
0001728188,Blackstone Alternatives Solution IV L.P.
0001760641,"Blackstone Alternatives Solution V Fund (Offshore), L.P."
0001760636,Blackstone Alternatives Solution V L.P.
0001797710,Blackstone Alternatives Solution VI Fund (Offshore) L.P.
0001797711,Blackstone Alternatives Solution VI L.P.
0001837806,Blackstone Alternatives Solution VII Fund (Offshore) L.P.
0001837816,Blackstone Alternatives Solution VII L.P.
0001915536,Blackstone Alternatives Solution VIII Fund (Offshore) L.P.
0001915957,Blackstone Alternatives Solution VIII L.P.
0002029745,Blackstone Americas Logistics (LUX) SCSp
0002066874,Blackstone Americas Logistics - N L.P.
0002015310,Blackstone Americas Logistics F.1 L.P.
0002015103,Blackstone Americas Logistics F.2 L.P.
0002045918,Blackstone Americas Logistics F.2-A L.P.
0002015003,Blackstone Americas Logistics L.P.
0001897687,Blackstone Annex Offshore Fund L.P.
0001873228,Blackstone Annex Onshore Fund L.P.
0001559277,Blackstone APERS Fund L.P.
0001797737,Blackstone Aqua Fund L.P.
0001876914,"Blackstone Aqua Master Sub-Fund, a sub-fund of Blackstone Global Master Fund ICAV"
0001830004,Blackstone Arches Co-Invest L.P.
0001348123,Blackstone Asia Advisors LLC
0001939544,Blackstone Aspen Co-Invest L.P.
0002030185,Blackstone Astro Co-Investment Partners L.P.
0002004899,Blackstone Aurelia Co-Invest (CYM) L.P.
0001223882,BLACKSTONE AUTOMOTIVE CO INVEST CAPITAL PARTNERS LP
0001900488,Blackstone Aventine Co-Invest L.P.
0001660526,Blackstone BCP VI SBS ESC Holdco L.P.
0001753348,Blackstone BDC Holdings LLC
0001972996,Blackstone BGREEN III Co-Investment Fund A LP
0001943694,Blackstone BGREEN III Co-Investment Fund C LP
0002023535,Blackstone BGREEN III Co-Investment Fund G SCSp
0001748992,BLACKSTONE BIG SKY FUND L.P.
0001827892,Blackstone BioMed Life Science Real Estate (Lux) SCSp
0001828333,Blackstone BioMed Life Science Real Estate - LR (Lux) SCSp
0001828330,Blackstone BioMed Life Science Real Estate - LR - G L.P.
0001825387,Blackstone BioMed Life Science Real Estate - LR L.P.
0001824628,Blackstone BioMed Life Science Real Estate L.P.
0002064131,BLACKSTONE BMACX C-1 LLC
0002048821,Blackstone Boardwalk Co-Invest L.P.
0001814583,Blackstone Bodyguard Partners L.P.
0001303065,BLACKSTONE BRIDGE ADVISORS LP
0002042794,Blackstone Burgundy Partners (CYM) Feeder L.P.
0002043089,Blackstone Burgundy Partners L.P.
0001796102,Blackstone Buzz Feeder VII L.P.
0001844885,Blackstone Buzz Holdings L.P.
0001799695,Blackstone Buzz Partners Holdings L.P.
0001794356,Blackstone Buzz Partners L.P.
0001468088,Blackstone Cabot Fund L.P.
0001608983,Blackstone Capital Holdings Fund (Offshore) L.P.
0001608985,Blackstone Capital Holdings Trust
0001814324,Blackstone Capital Opportunities Feeder Fund IV LP
0001886392,Blackstone Capital Opportunities Feeder Fund IV-RN LP
0002025751,Blackstone Capital Opportunities Feeder Fund V LP
0002059580,Blackstone Capital Opportunities Feeder Fund V-R (CYM) LP
0002029780,Blackstone Capital Opportunities Feeder Fund V-R LP
0001814286,Blackstone Capital Opportunities Fund IV EEA Feeder SCSp
0001814284,Blackstone Capital Opportunities Fund IV EEA SCSp
0001812795,Blackstone Capital Opportunities Fund IV LP
0002025749,Blackstone Capital Opportunities Fund V (LUX) Feeder SCSp
0002025750,Blackstone Capital Opportunities Fund V (LUX) SCSp
0002025975,Blackstone Capital Opportunities Fund V LP
0001570493,Blackstone Capital Partners (Cayman III) V L.P.
0001314267,Blackstone Capital Partners (Cayman) Ltd 1
0001314268,Blackstone Capital Partners (Cayman) Ltd 2
0001314269,Blackstone Capital Partners (Cayman) Ltd 3
0001636076,Blackstone Capital Partners (Delaware) NQ V-AC L.P.
0001426469,Blackstone Capital Partners (Cayman) V L.P.
0001510857,"Blackstone Capital Partners (Cayman) V-A, L.P."
0001572228,Blackstone Capital Partners (Cayman) V-AC L.P.
0001636079,Blackstone Capital Partners (Delaware) V-NQ L.P.
0001728672,Blackstone Capital Partners (Cayman) VI L.P.
0001717622,Blackstone Capital Partners Asia (Lux) SCSp
0001832597,Blackstone Capital Partners Asia II (Lux) SCSp
0001832475,Blackstone Capital Partners Asia II L.P.
0002045057,Blackstone Capital Partners Asia III (LUX) SCSp
0002045290,Blackstone Capital Partners Asia III L.P.
0001717632,Blackstone Capital Partners Asia L.P.
0001273169,BLACKSTONE CAPITAL PARTNERS CAYMAN IV LP
0001273170,BLACKSTONE CAPITAL PARTNERS CAYMAN IV- A LP
0000932692,BLACKSTONE CAPITAL PARTNERS II MERCHANT BANKING FUND ET AL
0001070839,BLACKSTONE CAPITAL PARTNERS II MERCHANT BANKING FUND LP
0001042890,BLACKSTONE CAPITAL PARTNERS III MERCHANT BANKING FUND LP
0001162988,BLACKSTONE CAPITAL PARTNERS IV LP
0001277407,BLACKSTONE CAPITAL PARTNERS IV-A LP
0001922959,Blackstone Capital Partners IX (LUX) SCSp
0001922927,Blackstone Capital Partners IX L.P.
0001343206,BLACKSTONE CAPITAL PARTNERS V L P
0001694373,Blackstone Capital Partners V Prime L.P.
0001511258,Blackstone Capital Partners V-AC L.P.
0001443499,BLACKSTONE CAPITAL PARTNERS VI - EXECUTIVE FUND L.P.
0001443881,Blackstone Capital Partners VI L.P.
0001855944,Blackstone Capital Partners VI-NQ L.P.
0001851456,Blackstone Capital Partners VI-Q (Pub) L.P.
0001851451,Blackstone Capital Partners VI-Q L.P.
0001872064,Blackstone Capital Partners VII (IPO) NQ L.P.
0001640301,Blackstone Capital Partners VII L.P.
0001771144,Blackstone Capital Partners VII NQ L.P.
0001954390,Blackstone Capital Partners VII.2 (IPO) NQ L.P.
0001646601,Blackstone Capital Partners VII.2 L.P.
0001769404,Blackstone Capital Partners VIII (Lux) SCSp
0001769272,Blackstone Capital Partners VIII L.P.
0001076985,BLACKSTONE CCC CAPITAL PARTNERS LP
0001222594,BLACKSTONE CCC OFFSHORE CAPITAL PARTNERS LP
0001056161,BLACKSTONE CCI CAPITAL PARTNERS LP
0001450719,Blackstone Century Avenue Fund Ltd.
0001889581,Blackstone Chariot Co-Invest L.P.
0002024743,Blackstone Charitable Foundation
0001314706,Blackstone Chemical Coinvest Partners (Cayman) L.P.
0001951187,Blackstone CHPE Co-Invest L.P.
0001874066,Blackstone Cindy
0001661022,Blackstone City Property Co-Investment Partners II L.P.
0001661021,Blackstone City Property Co-Investment Partners III L.P.
0001857665,Blackstone Clarus DE L.L.C.
0001793316,Blackstone Clarus GP L.L.C.
0001793311,Blackstone Clarus GP L.P.
0001762201,Blackstone Clarus II L.L.C.
0001762202,Blackstone Clarus III L.L.C.
0001496514,Blackstone Cleantech Venture Partners L.P.
0001980108,Blackstone CLO Mezzanine Fund LP
0001763053,Blackstone CLO Opportunity Fund LP
0001845443,Blackstone CLO Opportunity Master Fund LP
0001763048,Blackstone CLO Opportunity Overseas Fund LP
0001717351,Blackstone CMBS Fund - G L.P.
0001717398,Blackstone CMBS Fund Non-IG L.P.
0001717353,Blackstone CMBS Holdings - G L.P.
0001717397,Blackstone CMBS Holdings Non-IG L.P.
0001717352,Blackstone CMBS Intermediate - G L.P.
0001829679,Blackstone COF IV Co-Investment Feeder Fund EEA SCSp
0001829683,Blackstone COF IV Co-Investment Feeder Fund LP
0001829681,Blackstone COF IV Co-Investment Fund EEA SCSp
0001829688,Blackstone COF IV Co-Investment Fund LP
0002038712,Blackstone COF V Co-Investment Feeder Fund (LUX) SCSp
0002038709,Blackstone COF V Co-Investment Feeder Fund LP
0002038656,Blackstone COF V Co-Investment Fund (LUX) SCSp
0002038716,Blackstone COF V Co-Investment Fund LP
0001912320,Blackstone Cognac Co-Investment Partners L.P.
0001203245,BLACKSTONE COLUMBUS AVENUE FUND LP
0001306581,Blackstone Columbus Avenue Offshore Fund ltd
0001510087,Blackstone Commercial Real Estate Debt Fund (Cayman) L.P.
0001510086,Blackstone Commercial Real Estate Debt Fund L.P.
0001385540,Blackstone Commodities Fund LP
0001749307,BLACKSTONE COMMODITIES OFFSHORE (E) FUND LTD.
0001458841,BLACKSTONE COMMODITIES OFFSHORE FUND LTD
0001527004,BLACKSTONE COMMUNICATIONS FCC L.L.C.
0001344489,Blackstone Communications Management Associates (Cayman) L.P.
0001837763,Blackstone Connect Plus Feeder Sub-Fund
0002030243,Blackstone Cooper Issuer L.L.C.
0001711610,Blackstone Core Equity Partners - CA L.P.
0001691650,Blackstone Core Equity Partners - F L.P.
0001664449,Blackstone Core Equity Partners - K L.P.
0001677120,Blackstone Core Equity Partners - P L.P.
0001801272,Blackstone Core Equity Partners II (Lux) SCSp
0001826426,Blackstone Core Equity Partners II - GO L.P.
0001801270,Blackstone Core Equity Partners II L.P.
0001664418,Blackstone Core Equity Partners L.P.
0002004932,Blackstone Cornerstone Co-Invest (CYM) L.P.
0002009372,Blackstone Cornerstone Co-Invest (LUX) SCSp
0001416722,Blackstone Corporate Opportunities Master Fund L.P.
0001713120,Blackstone CQP Common Holdco GP LLC
0001713110,CQP COMMON HOLDCO L.P.
0001713136,Blackstone CQP FinanceCo LP
0001713146,"Blackstone CQP Holdco GP, LLC"
0001713135,Blackstone CQP Holdco II GP LLC
0001555363,Blackstone CQP Holdco LP
0002038793,Blackstone Credit ABC Fund LP
0001739441,Blackstone Credit BDC Advisors LLC
0001539964,BLACKSTONE CREDIT LIQUIDITY CO-INVESTORS (ALBERTA) L.P.
0001539965,BLACKSTONE CREDIT LIQUIDITY PARTNERS (CAYMAN) L.P.
0001539963,BLACKSTONE CREDIT LIQUIDITY PARTNERS L.P.
0001384815,Blackstone Credit Opportunities Fund L.P.
0001458842,Blackstone Credit Opportunities Offshore Fund I Ltd.
0001749308,BLACKSTONE CREDIT OPPORTUNITIES OFFSHORE FUND LTD.
0002000744,Blackstone Credit Rated Fund Trust LP
0001749309,BLACKSTONE CRM FUND LP
0001749310,BLACKSTONE CRM OFFSHORE FUND LTD.
0001749166,BLACKSTONE CTU OFFSHORE FUND LTD.
0001416871,Blackstone Customized Commodities Fund L.P.
0001305113,Blackstone Customized Low Volatility Offshore Fund Ltd
0001749167,BLACKSTONE DANDELION UNIT TRUST
0001496894,Blackstone Debt Advisors L.P.
0001921693,Blackstone Dislocation Fund Cayman L.P.
0001921694,Blackstone Dislocation Fund L.P.
0001201290,BLACKSTONE DISTRESSED OPPORTUNITIES FUND LP
0001208074,BLACKSTONE DISTRESSED OPPORTUNITIES OFFSHORE FUND LTD
0001364319,Blackstone Distressed Securities Advisors LP
0001348937,Blackstone Distressed Securities Fund LP
0001348936,Blackstone Distressed Securities Offshore Fund Ltd
0001812722,BLACKSTONE DIVERSIFIED ALTERNATIVES ASSET HOLDCO L.L.C.
0002056582,"Blackstone Diversified Alternatives IDF Series Interests of the SALI Multi-Series Fund, L.P."
0001777213,Blackstone Diversified Alternatives Issuer L.L.C.
0001748725,BLACKSTONE DIVERSIFIED MULTI STRATEGY FUND
0001749168,BLACKSTONE DIVERSIFIED TRADING STRATEGIES FUND LTD.
0001289050,BLACKSTONE DL MEZZANINE PARTNERS LP
0001538007,Blackstone Eagle Principal Transaction Partners ITR L.P.
0001538006,Blackstone Eagle Principal Transaction Partners L.P.
0001933783,"Blackstone East 3700, LLC"
0001663125,Blackstone Edison Managed Partners L.P.
0001663798,Blackstone Edison Managed Partners.TE L.P.
0002045140,Blackstone Einstein Co-Invest L.P.
0001700375,Blackstone EMA II L.L.C.
0001713957,Blackstone EMA L.L.C.
0001855943,Blackstone EMA-NQ L.L.C.
0001962268,Blackstone Emerald Co-Invest L.P.
0001448521,Blackstone Emerging Markets Fund I L.P.
0001384696,Blackstone Emerging Markets Fund L.P.
0001384818,Blackstone Emerging Markets Offshore Fund Ltd.
0001293463,Blackstone Employee Fund L.P.
0001749169,BLACKSTONE ENC OFFSHORE FUND LTD.
0001851450,Blackstone Energy Family Investment Partnership ESC L.P.
0001851449,Blackstone Energy Family Investment Partnership II SMD L.P.
0001851448,Blackstone Energy Family Investment Partnership II-ESC L.P.
0001855942,Blackstone Energy Family Investment Partnership NQ ESC L.P.
0001851447,Blackstone Energy Family Investment Partnership SMD L.P.
0001700376,Blackstone Energy Management Associates II L.L.C.
0001713955,Blackstone Energy Management Associates L.L.C.
0001855939,Blackstone Energy Management Associates NQ L.L.C.
0001614853,Blackstone Energy Partners II L.P.
0001851455,Blackstone Energy Partners II Q (Pub) L.P.
0001851446,Blackstone Energy Partners II Q L.P.
0001851454,Blackstone Energy Partners II.F Q (Pub) L.P.
0001851444,Blackstone Energy Partners II.F Q L.P.
0001743957,Blackstone Energy Partners III (Lux) SCSp
0001743970,Blackstone Energy Partners III L.P.
0001934051,Blackstone Energy Transition Partners IV (LUX) SCSp
0001933459,Blackstone Energy Transition Partners IV L.P.
0001527519,Blackstone Energy Partners L.P.
0001855931,Blackstone Energy Partners NQ L.P.
0001851452,Blackstone Energy Partners Q (Pub) L.P.
0001851443,Blackstone Energy Partners Q L.P.
0001789043,Blackstone Epsilon Partners (Cayman) L.P.
0001366784,BLACKSTONE EQUITY LOW NET EXPOSURE FUND L P
0001749171,BLACKSTONE EQUITY LOW NET EXPOSURE OFFSHORE (E) FUND LTD.
0001749170,BLACKSTONE EQUITY LOW NET EXPOSURE OFFSHORE FUND LTD.
0001749172,BLACKSTONE EQUITY MANAGED ACCOUNT PORTFOLIOS L.P.
0001749174,BLACKSTONE EQUITY MANAGED ACCOUNT PORTFOLIOS LTD.
0002019665,Blackstone Europe Fund Management S.a r.l
0001886201,Blackstone European Property Income Fund (Master) FCP
0001884344,Blackstone European Property Income Fund SICAV
0001954211,Blackstone European Senior Debt Fund III Feeder SCSp
0001954322,Blackstone European Senior Debt Fund III Levered Feeder SCSp
0001954210,Blackstone European Senior Debt Fund III Levered SCSp
0001954212,Blackstone European Senior Debt Fund III SCSp
0002060843,Blackstone European Senior Direct Lending Fund SICAV-RAIF SCSp-IL
0002060738,Blackstone European Senior Direct Lending Fund SICAV-RAIF SCSp-IU
0001597362,Blackstone European Senior Loan USD Feeder Fund (Ireland)
0001038085,Blackstone Event Driven Fund L.P.
0001749175,BLACKSTONE EXPT FUND L.P.
0001959951,Blackstone F-Eleven Partners L.P.
0001326323,Blackstone Family Communications Partnership (Cayman) L.P.
0001527034,BLACKSTONE FAMILY FCC L.L.C.
0001404964,BLACKSTONE FAMILY GP LLC
0001516550,Blackstone Family Investment Partnership (Cayman) IV-A SMD L.P.
0001426472,Blackstone Family Investment Partnership (Cayman) V L.P.
0001636080,Blackstone Family Investment Partnership (Delaware) V-NQ L.P.
0001510855,Blackstone Family Investment Partnership (Cayman) V-SMD L.P.
0001728671,Blackstone Family Investment Partnership (Cayman) VI-ESC L.P.
0001844882,Blackstone Family Investment Partnership - Growth ESC L.P.
0001250484,BLACKSTONE FAMILY INVESTMENT PARTNERSHIP CAYMAN III LP
0001273171,BLACKSTONE FAMILY INVESTMENT PARTNERSHIP CAYMAN IV-A LP
0001070841,BLACKSTONE FAMILY INVESTMENT PARTNERSHIP II LP
0001222595,BLACKSTONE FAMILY INVESTMENT PARTNERSHIP III LP
0001277408,BLACKSTONE FAMILY INVESTMENT PARTNERSHIP IV-A LP
0001368612,Blackstone Family Investment Partnership V L.P.
0001564049,Blackstone Family Investment Partnership V USS L.P.
0001368611,Blackstone Family Investment Partnership V-A L.P.
0001564056,Blackstone Family Investment Partnership V-A USS SMD L.P.
0001537476,BLACKSTONE FAMILY INVESTMENT PARTNERSHIP V-SMD L.P.
0001555906,Blackstone Family Investment Partnership VI ESC L.P.
0001555905,Blackstone Family Investment Partnership VI L.P.
0001856558,Blackstone Family Investment Partnership VI-NQ ESC L.P.
0001771140,Blackstone Family Investment Partnership VII-ESC NQ L.P.
0001637086,Blackstone Family Real Estate Partnership VI - SMD L.P.
0001587084,Blackstone Family Real Estate Partnership VII-SMD L.P.
0001758417,Blackstone Family Tactical Opportunities Investment Partnership III (Cayman) - NQ - ESC L.P.
0001960393,Blackstone Family Tactical Opportunities Investment Partnership III - NQ - ESC L.P.
0001757294,Blackstone Family Tactical Opportunities Investment Partnership III ESC L.P.
0001853361,Blackstone Family Tactical Opportunities Investment Partnership NQ - ESC L.P.
0001853342,Blackstone Family Tactical Opportunities Investment Partnership SMD L.P.
0001527035,BLACKSTONE FC CAPITAL PARTNERS IV L.P.
0001527039,BLACKSTONE FC CAPITAL PARTNERS IV-A L.P.
0001527041,BLACKSTONE FC COMMUNICATIONS PARTNERS L.P.
0001310608,Blackstone FCH Capital Partners IV L.P.
0001523675,Blackstone FCH Capital Partners IV-A L.P.
0001523676,Blackstone FCH Capital Partners IV-B L.P.
0001250482,BLACKSTONE FI CAPITAL PARTNERS CAYMAN LP
0001344491,Blackstone FI Communications Associates (Cayman) Ltd
0001289052,BLACKSTONE FI MEZZANINE PARTNERS (CAYMAN) LP
0001250483,BLACKSTONE FI OFFSHORE CAPITAL PARTNERS CAYMAN LP
0001208073,"Blackstone Fifth Avenue Offshore Fund Ltd. (Class A, D, F, K & L Shares)"
0001278716,Blackstone Fifth Avenue Fund L.P.
0001426902,BLACKSTONE FINANCIAL GROUP HOLDINGS INC
0001341107,BLACKSTONE FINANCIAL GROUP INC
0001391590,Blackstone Firestone Principal Transaction Partners Cayman L P
0001391843,Blackstone Firestone Transaction Participation Partners Cayman L P
0002013361,Blackstone Fireworks Partners (CYM) Feeder L.P.
0001998032,Blackstone Fireworks Partners L.P.
0001749176,BLACKSTONE FIRST AVENUE OFFSHORE FUND LTD.
0001649902,Blackstone First Eagle Co-Invest L.P.
0001416840,Blackstone Fixed Income & Trading Opportunities Fund LP
0001749177,BLACKSTONE FIXED INCOME & TRADING OPPORTUNITIES OFFSHORE FUND LTD.
0001827413,Blackstone Flora Partners (CYM) L.P.
0001826416,Blackstone Freeze Parent L.P.
0001749178,BLACKSTONE FS FUND L.P.
0001749179,BLACKSTONE FS OFFSHORE FUND LTD
0001749180,BLACKSTONE FUKI UNIT TRUST
0001348124,Blackstone Fund Services India Private LTD
0001505477,Blackstone GGP Principal Transaction Partners L.P.
0001749181,BLACKSTONE GLOBAL ALPHA GENERATION FUND
0001212802,BLACKSTONE GLOBAL PARK AVE FUND L P
0001749182,BLACKSTONE GLOBAL PARK AVENUE OFFSHORE MASTER FUND LTD.
0001524976,Blackstone Granite Fund Ltd.
0001938952,Blackstone Green Private Credit Feeder Fund III LP
0001943508,Blackstone Green Private Credit Feeder Fund III-E LP
0001920360,Blackstone Green Private Credit Fund III (LUX) Feeder SCSp
0001920349,Blackstone Green Private Credit Fund III (LUX) SCSp
0001938951,Blackstone Green Private Credit Fund III LP
0001996536,BXC BGREEN III Parallel Co-Invest Fund SE II LP
0002063619,Blackstone Green Private Credit Fund III-E Co-Invest LP
0001943509,Blackstone Green Private Credit Fund III-E LP
0001355642,Blackstone Group Holdings LLC
0001393818,"Blackstone Inc.
SIC: 6282 - INVESTMENT ADVICE"
0001404071,Blackstone Group Management L.L.C.
0001824273,Blackstone Growth (I - Feeder) L.P.
0001814973,Blackstone Growth (Lux) SCSp
0001818071,"Blackstone Growth Access Fund (Offshore), L.P."
0001818073,"Blackstone Growth Access Fund, L.P."
0002070353,Blackstone Growth Act II Co-Invest L.P.
0001844870,Blackstone Growth Associates L.P.
0001897623,Blackstone Growth Beverly Co-Invest L.P.
0001832517,Blackstone Growth I (Surge) L.P.
0001912203,Blackstone Growth II (LUX) SCSp
0001912209,Blackstone Growth II L.P.
0001815050,Blackstone Growth L.P.
0001873120,Blackstone Growth Learn Co-Invest L.P.
0001834964,Blackstone Growth Mario Co-Invest L.P.
0001917348,Blackstone Growth Popcorn Co-Invest (CYM) L.P.
0001897644,Blackstone Growth Sunny Co-Invest L.P.
0001897709,Blackstone Growth Sunshine Co-Invest L.P.
0001873111,Blackstone Growth Tulip Co-Invest (CYM) L.P.
0001611508,Blackstone GTS Co-Invest L.P.
0001885322,Blackstone Hammer Fund Ltd.
0001812490,BLACKSTONE HARRINGTON PARTNERS L.P.
0001720405,Blackstone Harvest Holdco L.L.C.
0001523673,Blackstone Health Commitment Partners L.P.
0001523677,Blackstone Health Commitment Partners-A L.P.
0001614289,Blackstone Healthcare Partners L.L.C.
0001203038,BLACKSTONE HEDGED EQUITY CUSTOMIZED FUND LP
0001367213,Blackstone Hedged Equity Fund L.P.
0001213000,Blackstone Hedged Equity Fund L.P.
0001286474,Blackstone Hedged Equity Offshore Fund Ltd.
0001749183,BLACKSTONE HEDGED EQUITY OFFSHORE MASTER FUND LTD.
0001528608,"Blackstone Henry Clay Fund, LLC"
0002029996,Blackstone Hermes Co-Invest (CYM) L.P.
0001628036,Blackstone Highline Property Co-Investment Partners L.P.
0002039469,Blackstone Holdings AI L.P.
0001131538,"BLACKSTONE HOLDINGS CORP
SIC: 6770 - BLANK CHECKS"
0001495116,Blackstone Holdings Finance Co. L.L.C.
0001464694,Blackstone Holdings I L.P.
0001464695,Blackstone Holdings I/II GP L.L.C.
0001484870,Blackstone Holdings II L.P.
0001404076,Blackstone Holdings III GP L.L.C.
0001478809,Blackstone Holdings III GP L.P.
0001478815,Blackstone Holdings III GP Management L.L.C.
0001404073,Blackstone Holdings III L.P.
0001404075,Blackstone Holdings IV GP L.P.
0001758232,Blackstone Holdings IV GP Management (Delaware) L.P.
0001404074,Blackstone Holdings IV GP Management L.L.C.
0001404077,Blackstone Holdings IV L.P.
0001627689,"Blackstone Homes, LLC"
0001866697,Blackstone Horizon Fund Cayman L.P.
0001866611,Blackstone Horizon Fund L.P.
0001870041,Blackstone HPPI CLO Fund FCP-RAIF
0002067160,Blackstone I Fund Absolute Return L.P.
0002068588,Blackstone I Fund Private Credit L.P.
0001845724,Blackstone Infrastructure Advisors L.L.C.
0001770053,Blackstone Infrastructure Associates L.P.
0001984043,Blackstone Infrastructure Green Co-Invest 2 L.P.
0001999290,Blackstone Infrastructure Green Co-Invest 3 L.P.
0001915823,Blackstone Infrastructure Green Co-Invest L.P.
0001971152,Blackstone Infrastructure Hogan Co-Invest 2 (CYM) L.P.
0001968235,Blackstone Infrastructure Hogan Co-Invest 3 EUR (CYM) L.P.
0001878400,Blackstone Infrastructure Mercury Co-Invest L.P.
0001890121,Blackstone Infrastructure Miro Co-Invest (CYM) L.P.
0001931718,Blackstone Infrastructure Paragon Co-Invest L.P.
0001937830,Blackstone Infrastructure Partners (Supplemental Account I-A) L.P.
0001743614,Blackstone Infrastructure Partners (Supplemental Account II) L.P.
0002027985,Blackstone Infrastructure Partners (Supplemental Account K II) L.P.
0001743613,Blackstone Infrastructure Partners (Supplemental Account) L.P.
0001718416,Blackstone Infrastructure Partners - P L.P.
0001762495,Blackstone Infrastructure Partners - U L.P.
0001762496,Blackstone Infrastructure Partners - V Feeder L.P.
0001925182,Blackstone Infrastructure Partners Co-Investment 1 (Lux) SCSp
0001966317,Blackstone Infrastructure Partners Europe (CYM) L.P.
0001966353,Blackstone Infrastructure Partners Europe (LUX) SCSp
0002015511,Blackstone Infrastructure Partners Europe Bridge Fund (Lux) SCSp
0001966303,Blackstone Infrastructure Partners Europe F (CYM) L.P.
0001735629,Blackstone Infrastructure Partners F.1 L.P.
0001735627,Blackstone Infrastructure Partners F.2 L.P.
0001735625,Blackstone Infrastructure Partners F.3 (Lux) SCSp
0002049228,Infrastructure Investments L.P.
0001991783,Blackstone Infrastructure Partners IRH-G L.P.
0001735632,Blackstone Infrastructure Partners L.P.
0001786546,Blackstone Infrastructure Prairie Partners L.P.
0002050229,Blackstone Infrastructure Strategies (TE) L.P.
0002030772,"Blackstone Infrastructure Strategies L.P.
SIC: 6282 - INVESTMENT ADVICE"
0002067117,Blackstone Infrastructure Troy Co-Invest 2 L.P.
0002067119,Blackstone Infrastructure Troy Co-Invest L.P.
0001720402,Blackstone Intermediary Holdco L.L.C.
0001959993,Blackstone Intrepid Partners (CYM) Feeder L.P.
0001812200,Blackstone Structured Products Advisors LP
0001835093,Blackstone ISG Investment Partners - A L.P.
0001963234,Blackstone ISG Investment Partners - R (BMU) L.P.
0001749185,BLACKSTONE JSI FUND LTD.
0001902717,BLACKSTONE JUNO HOLDINGS L.P.
0001387226,Blackstone Kailix Advisors L.L.C.
0001407742,BLACKSTONE KAILIX FUND LP
0001424523,BLACKSTONE KAILIX LV FUND LP
0001379774,Blackstone Kailix Offshore Fund Ltd
0001546032,Blackstone Keystone Fund L.P.
0001312402,"CALECO PHARMA CORP.
SIC: 1000 - METAL MINING"
0001900575,Blackstone Leo Co-Invest L.P.
0001286473,BLACKSTONE LEXINGTON AVE OFFSHORE FUND LTD
0001289768,Blackstone Lexington Avenue Fund LP
0001796300,"Blackstone Life Sciences IV-V Ferring, L.P."
0001803895,"Blackstone Life Sciences V (iCapital), L.P."
0001797872,Blackstone Life Sciences V (Lux) SCSp
0001817675,"Blackstone Life Sciences V Access Fund, L.P."
0001797712,Blackstone Life Sciences V L.P.
0002026410,Blackstone Life Sciences VI (LUX) SCSp
0002023640,Blackstone Life Sciences VI L.P.
0001881392,Blackstone Life Sciences Yield L.P.
0001880599,Blackstone Life Sciences Yield NT (CYM) Feeder L.L.C.
0001881393,Blackstone Life Sciences Yield T (CYM) Feeder L.P.
0001539503,Blackstone Liquid Credit Advisors I LLC
0001736667,Blackstone Liquid Credit Advisors II LLC
0001466125,Blackstone Liquid Credit Strategies LLC
0001615230,Blackstone Liquidity Solutions Cottonwood L.P.
0001314705,Blackstone LR Associates (Cayman) IV Ltd.
0001426473,Blackstone LR Associates (Cayman) V Ltd.
0001636113,Blackstone LR Associates (Cayman) V-NQ Ltd.
0001728824,Blackstone LR Associates (Cayman) VI Ltd.
0001859525,Blackstone LR Associates (Cayman) VII Ltd.
0001791374,Blackstone LSV Fund (2019 LH 3) (Cayman) L.P.
0001785470,Blackstone LSV Fund (2019 UH 2) (Cayman) L.P.
0001766808,Blackstone LSV Fund (2019 UH) (Cayman) L.P.
0001839045,Blackstone LSV Fund (2021 UH) (Cayman) L.P.
0001208075,"Blackstone Madison Avenue Offshore Fund Ltd. (Class A, B, C & G Shares)"
0001201238,Blackstone Madison Avenue Fund L.P.
0001426470,Blackstone Management Associates (Cayman) V L.P.
0001636081,Blackstone Management Associates (Cayman) V-NQ L.P.
0001728669,Blackstone Management Associates (Cayman) VI L.P.
0001771935,Blackstone Management Associates (Cayman) VII L.P.
0001859534,"Blackstone Management Associates Asia, L.P."
0001250486,BLACKSTONE MANAGEMENT ASSOCIATES CAYMAN III LP
0001273623,BLACKSTONE MANAGEMENT ASSOCIATES CAYMAN IV LP
0001070729,BLACKSTONE MANAGEMENT ASSOCIATES II LLC
0001218903,BLACKSTONE MANAGEMENT ASSOCIATES III LLC
0001277410,BLACKSTONE MANAGEMENT ASSOCIATES IV LLC
0001169385,BLACKSTONE MANAGEMENT ASSOCIATES L P
0001368609,Blackstone Management Associates V L.L.C.
0001562874,Blackstone Management Associates V USS L.L.C.
0001556089,Blackstone Management Associates VI L.L.C.
0001855930,Blackstone Management Associates VI-NQ L.L.C.
0001700377,Blackstone Management Associates VII L.L.C.
0001771142,Blackstone Management Associates VII NQ L.L.C.
0001315745,Blackstone Management Partners IV L.L.C.
0001666792,Blackstone Management Partners L.L.C.
0001703416,Blackstone Maps Offshore Fund L.P.
0001714387,Blackstone Maps Onshore Fund L.P.
0001322257,Blackstone Market Opportunities FD L P Tranche BMOF I
0001322261,Blackstone Market OpportunitiesOffshore fd SPC Segregated Portfolio BMOF I
0001416875,Blackstone Market Opportunities Fund L.P.
0001415636,Blackstone Market Opportunities Offshore Fund SPC
0001539962,BLACKSTONE MEZZANINE ADVISORS II L.P.
0001289036,BLACKSTONE MEZZANINE ADVISORS LP
0001654400,Blackstone Mezzanine Associates II L.P.
0001484871,Blackstone Mezzanine Associates L.P.
0001654399,Blackstone Mezzanine Holdings II L.P.
0001484873,Blackstone Mezzanine Holdings L.P.
0001654401,Blackstone Mezzanine Management Associates II L.L.C.
0001484872,Blackstone Mezzanine Management Associates L.L.C.
0001331534,BLACKSTONE MEZZANINE PARTNERS II LP
0001539967,BLACKSTONE MEZZANINE PARTNERS II USS L.P.
0001539968,BLACKSTONE MEZZANINE PARTNERS II-A L.P.
0001098748,BLACKSTONE MEZZANINE PARTNERS LP
0001571810,Blackstone MG Custom Fund L.P.
0001590919,Blackstone Milestone ERISA Fund Ltd.
0001749572,BLACKSTONE MILESTONE ERISA MASTER FUND L.P.
0001597523,Blackstone Milestone Fund L.P.
0001749574,BLACKSTONE MILESTONE OFFSHORE FUND LTD.
0001750029,Blackstone Milestone Offshore Master Fund L.P.
0001902435,Blackstone Mileway Logistics (LUX) SCSp
0001906996,Blackstone Mileway Logistics Feeder (ONT) L.P.
0001902340,Blackstone Mileway Logistics L.P.
0001859194,Blackstone Mirror Co-Invest (CYM) L.P.
0001061630,"BLACKSTONE MORTGAGE TRUST, INC.
SIC: 6798 - REAL ESTATE INVESTMENT TRUSTS"
0001792035,Blackstone Motion Partners (Cayman) L.P.
0001749575,BLACKSTONE MOUNT TEMPLE UNIT TRUST
0001871991,Blackstone Mozart Co-Invest II L.P.
0001871712,Blackstone Mozart Co-Invest L.P.
0001994731,Blackstone Multi-Asset Credit Fund (Cayman) 1-A LP
0001994850,Blackstone Multi-Asset Credit Fund (Cayman) 1-B LP
0001994853,Blackstone Multi-Asset Credit Fund (Cayman) 1-C LP
0001994722,Blackstone Multi-Asset Credit Fund (Delaware) LP
0001968911,Blackstone Multi-Asset Direct Holdings - AD (US Centric) L.P.
0001968920,Blackstone Multi-Asset GP L.P.
0001660522,Blackstone NCR Holdco GP L.L.C.
0001660524,Blackstone NCR Holdco L.P.
0001792165,Blackstone Nexus Partners L.P.
0001326319,Blackstone NSS Communications Partners (Cayman) L.P.
0002070704,Blackstone Numbers Co-Invest L.P.
0001689385,BLACKSTONE NWI ASSET MANAGEMENT L.L.C.
0001635334,NWI Emerging Markets Total Return Fund L.P.
0001614784,Blackstone OBS Investment Partners L.P.
0001070840,BLACKSTONE OFFSHORE CAPITAL PARTNERS II LP
0001258439,BLACKSTONE OFFSHORE CAPITAL PARTNERS III LP
0001444625,BLACKSTONE OIL & GAS INC
0001743604,"Blackstone Oil & Gas, Inc."
0001542389,"BLACKSTONE OIL & GAS, LLC"
0001749576,BLACKSTONE OPPORTUNISTIC OFFSHORE FUND LTD.
0001705482,"Blackstone Opportunity Fund, LLC"
0001829843,Blackstone Oscar Co-Invest (CYM) L.P.
0001749577,BLACKSTONE P OFFSHORE FUND LTD.
0001416734,Blackstone Pacific Opportunities Fund L.P.
0001416872,Blackstone Pacific Opportunities Master Fund L.P.
0001482786,Blackstone Pacific Opportunities Offshore (E) Master Fund Ltd.
0001419810,Blackstone Pacific Opportunities Offshore Fund Ltd.
0001384555,Blackstone Pacific Opportunities Offshore Ltd
0001212795,Blackstone Park Avenue Fund L.P.
0001077056,Blackstone Park Avenue Non-Taxable Fund L.P.
0001749578,BLACKSTONE PARK AVENUE NON-TAXABLE OFFSHORE MASTER FUND LTD.
0001527043,BLACKSTONE PARTICIPATION FCC L.L.C.
0001344486,Blackstone Participation Partnership (Cayman) IV L.P.
0001426474,Blackstone Participation Partnership (Cayman) V L.P.
0001636082,Blackstone Participation Partnership (Delaware) V-NQ L.P.
0001352705,Blackstone Participation Partnership IV L.P.
0001368610,Blackstone Participation Partnership V L.P.
0001564066,Blackstone Participation Partnership V USS L.P.
0001749630,BLACKSTONE PARTNERS FEEDER FUND ICAV
0001212803,Blackstone Partners Investment Fund L.P.
0001749631,BLACKSTONE PARTNERS NON-TAXABLE OFFSHORE MASTER FUND LTD.
0001456005,BLACKSTONE PARTNERS NON-TAXABLE OFFSHORE OVERLAY FUND I LTD
0001415644,Blackstone Partners Non-Taxable Offshore Overlay Fund III Ltd
0001415642,Blackstone Partners Offshore Feeder Fund Ltd
0001384588,Blackstone Partners Offshore Fund Ltd
0001458818,BLACKSTONE PARTNERS OFFSHORE FUND LTD
0001482787,Blackstone Partners Offshore Fund Ltd. (Class A-D Shares)
0001581759,"Blackstone Partners Offshore Fund Ltd. (Class AA, BB & X Shares)"
0001821642,Blackstone Partners Offshore Fund Ltd. (Class DD Shares)
0001482788,"Blackstone Partners Offshore Fund Ltd. (Class E, F, G, I, J, K, Q, R & Z Shares)"
0001482789,Blackstone Partners Offshore Fund Ltd. (Class H & CC Shares)
0001749632,BLACKSTONE PARTNERS OFFSHORE JAPAN UNIT TRUST
0001749633,BLACKSTONE PARTNERS OFFSHORE STERLING FUND LTD.
0001749634,BLACKSTONE PARTNERS OS MASTER ICAV
0001562875,Blackstone PB Capital Partners V L.P.
0001562873,"Blackstone PB Capital Partners V Subsidiary, LLC"
0001564039,Blackstone PB Capital Partners V-AC L.P.
0001722948,Blackstone Pi Co-Invest (Cayman) L.P.
0001566033,Blackstone Place Limited Partnership
0001832476,Blackstone Power Play Co-Invest L.P.
0001803498,Blackstone Private Credit Fund
0001832555,Blackstone Private Credit Fund iCapital Offshore Access Fund SPC
0002057896,Blackstone Private Credit Strategies LLC
0001953940,"Blackstone Private Equity Strategies Fund (TE) L.P.
SIC: 6282 - INVESTMENT ADVICE"
0001930054,Blackstone Private Equity Strategies Fund L.P.
0002042301,Blackstone Private Equity Strategies Fund SICAV
0001939351,Blackstone Private Investments Advisors L.L.C.
0002032432,Blackstone Private Multi-Asset Credit & Income Fund
0002049733,Blackstone Private Real Estate Credit & Income Fund
0002055871,"Blackstone Private Strategies IDF Series Interests of the SALI Multi-Series Fund, L.P."
0001905874,"BLACKSTONE PRODUCTS, INC.
SIC: 3630 - HOUSEHOLD APPLIANCES"
0001939646,Blackstone Property Partners Abacus Co-Investment 2 L.P.
0001939645,Blackstone Property Partners Abacus Co-Investment L.P.
0001755813,Blackstone Property Partners Asia (Lux) SCSp
0001834278,Blackstone Property Partners Asia - A L.P.
0001797878,Blackstone Property Partners Asia Co-Investment 1 (Lux) SCSp
0001755812,Blackstone Property Partners Asia Feeder (OP) IV L.P.
0001755809,Blackstone Property Partners Asia Feeder I L.P.
0001755811,Blackstone Property Partners Asia Feeder II L.P.
0001756375,Blackstone Property Partners Asia Feeder III (Lux) SCSp
0001715299,Blackstone Property Partners Burbank Co-Investment L.P.
0001787429,Blackstone Property Partners Europe (Lux) C SCSp
0001732649,Blackstone Property Partners Europe (Lux) SCSp
0001790186,Blackstone Property Partners Europe - LO II (Lux) SCSp
0001790136,Blackstone Property Partners Europe - LO II L.P.
0001736085,Blackstone Property Partners Europe - LO L.P.
0001765164,Blackstone Property Partners Europe - NR Co-invest 2 L.P.
0001765175,Blackstone Property Partners Europe - NR Co-invest 3 L.P.
0001765182,Blackstone Property Partners Europe - NR Feeder L.P.
0001765156,Blackstone Property Partners Europe - NR L.P.
0001721011,Blackstone Property Partners Europe F L.P.
0001734345,Blackstone Property Partners Europe GR - C L.P.
0001734346,Blackstone Property Partners Europe GR - G L.P.
0001734789,Blackstone Property Partners Europe GR Feeder - G L.P.
0001721008,Blackstone Property Partners Europe L.P.
0001736073,Blackstone Property Partners Europe LO Feeder L.P.
0001623756,Blackstone Property Partners F.1 L.P.
0001623757,Blackstone Property Partners F.2 L.P.
0001644914,Blackstone Property Partners International - A L.P.
0001644913,Blackstone Property Partners International - B L.P.
0001690770,Blackstone Property Partners Kips Co-Investment L.P.
0001623650,Blackstone Property Partners L.P.
0001688465,Blackstone Property Partners LBA Co-Investment II L.P.
0001688466,Blackstone Property Partners LBA Co-Investment L.P.
0002053729,Blackstone Property Partners Life Sciences - 2025 SPV L.P.
0001690771,Blackstone Property Partners Viking Co-Investment L.P.
0001783654,Blackstone PTI Fund L.P.
0001928393,Blackstone PTI Rollover Fund L.P.
0001448541,Blackstone Quarry Fund L.P.
0002042790,Blackstone Radar Partners (CYM) L.P.
0001971166,Blackstone Rated Senior Direct Lending Fund LP
0001080918,BLACKSTONE REAL ESTATE ACQUISITIONS III LLC
0001812199,Blackstone Real Estate Advisors L.P.
0001295791,Blackstone Real Estate Associates III L.P.
0001603679,Blackstone Real Estate Associates IV L.P.
0001603677,Blackstone Real Estate Associates V L.P.
0001587215,Blackstone Real Estate Associates VI L.P.
0001590241,Blackstone Real Estate Associates VI-ESH L.P.
0001587214,Blackstone Real Estate Associates VII L.P.
0001696150,Blackstone Real Estate Associates VII-NQ L.P.
0001717401,Blackstone Real Estate CMBS Associates - G L.L.C.
0001717403,Blackstone Real Estate CMBS Associates L.L.C.
0001717402,Blackstone Real Estate CMBS Associates Non-IG L.L.C.
0001463385,Blackstone Real Estate CMBS Fund L.P.
0001717448,Blackstone Real Estate CMBS Master Fund Ltd.
0001463391,Blackstone Real Estate CMBS Offshore Fund Ltd.
0001717399,Blackstone Real Estate CMBS Offshore Holdings L.P.
0001692174,Blackstone Real Estate Debt Strategies High-Grade L.P.
0001574356,Blackstone Real Estate Debt Strategies II L.P.
0001660717,Blackstone Real Estate Debt Strategies III (Feeder Fund) L.P.
0001660713,Blackstone Real Estate Debt Strategies III L.P.
0001786911,Blackstone Real Estate Debt Strategies IV (Feeder Fund) (Lux) SCSp
0001786806,Blackstone Real Estate Debt Strategies IV (Feeder Fund) L.P.
0001786913,Blackstone Real Estate Debt Strategies IV (Lux) SCSp
0001786807,Blackstone Real Estate Debt Strategies IV L.P.
0001945214,Blackstone Real Estate Debt Strategies V (Feeder Fund) (LUX) SCSp
0001945221,Blackstone Real Estate Debt Strategies V (Feeder Fund) L.P.
0001945213,Blackstone Real Estate Debt Strategies V (LUX) SCSp
0001945219,Blackstone Real Estate Debt Strategies V L.P.
0001517432,Blackstone Real Estate Holding Corp. #1206
0001612222,Blackstone Real Estate Holdings International II-Q L.P.
0001693669,Blackstone Real Estate Holdings International II-Q Prime L.P.
0001603855,Blackstone Real Estate Holdings IV L.P.
0001603850,Blackstone Real Estate Holdings V L.P.
0001591579,Blackstone Real Estate Holdings VI L.P.
0001693616,Blackstone Real Estate Holdings VI Prime L.P.
0001617654,Blackstone Real Estate Holdings VI-ESC L.P.
0001587211,Blackstone Real Estate Holdings VII -ESC L.P.
0001587213,Blackstone Real Estate Holdings VII L.P.
0001696163,Blackstone Real Estate Holdings VII-NQ L.P.
0001696162,Blackstone Real Estate Holdings VII-NQ-ESC L.P.
0001596445,Blackstone Real Estate Income Advisors L.L.C.
0001588807,Blackstone Real Estate Income Fund
0001589029,Blackstone Real Estate Income Fund II
0001590213,Blackstone Real Estate Income Master Fund
0001746968,Blackstone Real Estate Income Master Fund (Cayman) Ltd.
0002009874,"Blackstone Real Estate Income Trust iCapital Canada Access Fund, L.P."
0001786345,Blackstone Real Estate Income Trust iCapital Offshore Access Fund SPC
0001662972,"Blackstone Real Estate Income Trust, Inc.
SIC: 6798 - REAL ESTATE INVESTMENT TRUSTS"
0001612219,BREP International II-Q GP L.L.C.
0001612220,BREP International II-Q GP L.P.
0001295793,Blackstone Real Estate Management Associates III L.P.
0001603848,Blackstone Real Estate Partners (AIV) V L.P.
0001637088,Blackstone Real Estate Partners (AIV) VI L.P.
0001590248,Blackstone Real Estate Partners (AIV) VI-ESH L.P.
0001603851,Blackstone Real Estate Partners (DC) IV.TE.1 L.P.
0001603852,Blackstone Real Estate Partners (DC) IV.TE.2
0001603853,Blackstone Real Estate Partners (DC) IV.TE.3-A
0001828329,Blackstone Real Estate Partners Account - C (BioMed Feeder) L.P.
0001909430,Blackstone Real Estate Partners Account - C (Mileway Feeder) L.P.
0001790138,Blackstone Real Estate Partners Account - U L.P.
0001714061,Blackstone Real Estate Partners Asia II (Lux) SCSp
0001714056,Blackstone Real Estate Partners Asia II L.P.
0001878050,Blackstone Real Estate Partners Asia III (LUX) SCSp
0001878052,Blackstone Real Estate Partners Asia III L.P.
0001578378,Blackstone Real Estate Partners Asia L.P.
0001431592,BLACKSTONE REAL ESTATE PARTNERS EUROPE (ALBERTA III) LP
0001431593,BLACKSTONE REAL ESTATE PARTNERS EUROPE III LP
0001587376,Blackstone Real Estate Partners Europe IV L.P.
0001663185,Blackstone Real Estate Partners Europe V L.P.
0001781178,"Blackstone Real Estate Partners Europe VI (iCapital), L.P."
0001771292,Blackstone Real Estate Partners Europe VI SCSp
0001981356,Blackstone Real Estate Partners Europe VII SCSp
0001295790,Blackstone Real Estate Partners III L.P.
0001338023,Blackstone Real Estate Partners International II LP
0001603665,Blackstone Real Estate Partners IV L.P.
0001217363,BLACKSTONE REAL ESTATE PARTNERS IV TE 1 LP
0001217362,BLACKSTONE REAL ESTATE PARTNERS IV TE 2 LP
0001217365,BLACKSTONE REAL ESTATE PARTNERS IV TE 3 LP
0001603854,Blackstone Real Estate Partners IV.F L.P.
0001759180,Blackstone Real Estate Partners IX (Lux) SCSp
0001778176,Blackstone Real Estate Partners IX Access LLC
0001778177,Blackstone Real Estate Partners IX Access Offshore LP
0001759095,Blackstone Real Estate Partners IX L.P.
0001759102,Blackstone Real Estate Partners IX.F L.P.
0001759099,Blackstone Real Estate Partners IX.TE.1 L.P.
0001759100,Blackstone Real Estate Partners IX.TE.2 L.P.
0001782432,Blackstone Real Estate Partners IX.TE.3 L.P.
0001348632,Blackstone Real Estate Partners V LP
0001348862,Blackstone Real Estate Partners V TE2 LP
0001603849,Blackstone Real Estate Partners V.F L.P.
0001603829,Blackstone Real Estate Partners V.TE.1 L.P.
0001637090,Blackstone Real Estate Partners VI (AV) L.P.
0001391894,BLACKSTONE REAL ESTATE PARTNERS VI F L P
0001391893,BLACKSTONE REAL ESTATE PARTNERS VI L P
0001693598,Blackstone Real Estate Partners VI Prime L.P.
0001391895,BLACKSTONE REAL ESTATE PARTNERS VI TE 1 L P
0001391896,BLACKSTONE REAL ESTATE PARTNERS VI TE 2 L P
0001590242,Blackstone Real Estate Partners VI.A-ESH L.P.
0001590243,Blackstone Real Estate Partners VI.B-ESH L.P.
0001590244,Blackstone Real Estate Partners VI.C-ESH L.P.
0001590247,Blackstone Real Estate Partners VI.F-ESH L.P.
0001591502,Blackstone Real Estate Partners VI.G-ESH L.P.
0001590245,Blackstone Real Estate Partners VI.TE.1-ESH L.P.
0001693655,Blackstone Real Estate Partners VI.TE.2 Prime L.P.
0001590246,Blackstone Real Estate Partners VI.TE.2-ESH L.P.
0001528599,Blackstone Real Estate Partners VII L.P.
0001696161,Blackstone Real Estate Partners VII-NQ L.P.
0001587190,Blackstone Real Estate Partners VII.F (AV) L.P.
0001528607,Blackstone Real Estate Partners VII.F L.P.
0001696160,Blackstone Real Estate Partners VII.F-NQ (AV) L.P.
0001528602,Blackstone Real Estate Partners VII.TE.1 L.P.
0001696159,Blackstone Real Estate Partners VII.TE.1-NQ L.P.
0001528605,Blackstone Real Estate Partners VII.TE.2 L.P.
0001696158,Blackstone Real Estate Partners VII.TE.2-NQ L.P.
0001534541,Blackstone Real Estate Partners VII.TE.3 L.P.
0001696157,Blackstone Real Estate Partners VII.TE.3-NQ L.P.
0001544347,Blackstone Real Estate Partners VII.TE.4 L.P.
0001696156,Blackstone Real Estate Partners VII.TE.4-NQ L.P.
0001549436,Blackstone Real Estate Partners VII.TE.5 L.P.
0001696155,Blackstone Real Estate Partners VII.TE.5-NQ L.P.
0001552553,Blackstone Real Estate Partners VII.TE.6 L.P.
0001696154,Blackstone Real Estate Partners VII.TE.6-NQ L.P.
0001556351,Blackstone Real Estate Partners VII.TE.7 L.P.
0001696153,Blackstone Real Estate Partners VII.TE.7-NQ L.P.
0001558457,Blackstone Real Estate Partners VII.TE.8 L.P.
0001696152,Blackstone Real Estate Partners VII.TE.8-NQ L.P.
0001630881,Blackstone Real Estate Partners VIII L.P.
0001630884,Blackstone Real Estate Partners VIII.F L.P.
0001630867,Blackstone Real Estate Partners VIII.F-2 L.P.
0001630866,Blackstone Real Estate Partners VIII.TE.1 L.P.
0001630865,Blackstone Real Estate Partners VIII.TE.2 L.P.
0001954378,"Blackstone Real Estate Partners X (iCapital), L.P."
0001924021,Blackstone Real Estate Partners X (LUX) SCSp
0001923982,Blackstone Real Estate Partners X L.P.
0001923740,Blackstone Real Estate Partners X.F L.P.
0001923772,Blackstone Real Estate Partners X.TE.1 L.P.
0001924014,Blackstone Real Estate Partners X.TE.2 L.P.
0001935995,Blackstone Real Estate Partners X.TE.3 L.P.
0001939568,Blackstone Real Estate Partners X.TE.4 L.P.
0001474401,Blackstone Real Estate Special Situations (Alberta) Europe L.P.
0001468409,Blackstone Real Estate Special Situations (Alberta) Europe.1 L.P.
0001474399,Blackstone Real Estate Special Situations (Alberta) Fund II L.P.
0001468412,Blackstone Real Estate Special Situations (Alberta) Fund II.1 L.P.
0001596444,Blackstone Real Estate Special Situations Advisors L.L.C.
0001717405,Blackstone Real Estate Special Situations Associates L.L.C.
0001474393,Blackstone Real Estate Special Situations Europe L.P.
0001468408,Blackstone Real Estate Special Situations Europe.1 L.P.
0001468407,Blackstone Real Estate Special Situations Europe.2 L.P.
0001474478,Blackstone Real Estate Special Situations Fund II L.P.
0001468411,Blackstone Real Estate Special Situations Fund II.1 L.P.
0001468410,Blackstone Real Estate Special Situations Fund II.2 L.P.
0001452866,BLACKSTONE REAL ESTATE SPECIAL SITUATIONS FUND L.P.
0001474403,Blackstone Real Estate Special Situations Global Feeder Fund L.P.
0001468406,Blackstone Real Estate Special Situations Global Feeder Fund.1 L.P.
0001468405,Blackstone Real Estate Special Situations Global Feeder Fund.2 L.P.
0001474402,Blackstone Real Estate Special Situations Global TE Feeder Fund L.P.
0001717273,Blackstone Real Estate Special Situations Holdings L.P.
0001436831,BLACKSTONE REAL ESTATE SPECIAL SITUATIONS OFFSHORE FUND LTD.
0001502743,Blackstone Real Estate Special Situations Principal Transaction Partners L.P.
0002039470,Blackstone Reg Finance Co. L.L.C.
0001291320,Blackstone Relative Value Offshore Fund Fixed Income Ltd
0001291321,Blackstone Relative Value Fund Fixed Income LP
0001031020,Lattice Biologics Ltd.
0001495669,Blackstone Resources Select Fund L.P.
0001456058,Blackstone Resources Select Offshore Fund Ltd.
0001877489,"Blackstone Resources, LLC"
0001524509,Blackstone Retail Principal Transaction Partners CP L.P.
0001524510,Blackstone Retail Principal Transaction Partners II L.P.
0001524511,Blackstone Retail Principal Transaction Partners L.P.
0001587189,Blackstone Retail Transaction II Holdco L.P.
0001329094,Blackstone Richard
0001408981,BLACKSTONE RICHARD
0001310446,Blackstone Robin
0001749635,BLACKSTONE SEN FUND LP
0001749637,BLACKSTONE SEN OFFSHORE FUND LTD.
0001642273,Blackstone Senfina Advisors L.L.C.
0001620478,Blackstone Senfina Fund L.P.
0001620479,Blackstone Senfina Fund Ltd.
0001999031,Blackstone Senior Direct Lending Feeder Fund (LUX) SICAV-RAIF SCSp - Series I-Levered
0001999065,Blackstone Senior Direct Lending Feeder Fund (LUX) SICAV-RAIF SCSp - Series I-Unlevered
0001996712,Blackstone Senior Direct Lending Feeder Fund LP - Series I-Currency
0001992173,Blackstone Senior Direct Lending Feeder Fund LP - Series I-Levered
0001992172,Blackstone Senior Direct Lending Feeder Fund LP - Series I-Unlevered
0001999030,Blackstone Senior Direct Lending Fund (LUX) SICAV-RAIF SCSp - Series I-Levered
0001999062,Blackstone Senior Direct Lending Fund (LUX) SICAV-RAIF SCSp - Series I-Unlevered
0001996698,Blackstone Senior Direct Lending Fund LP - Series I-Currency
0001992061,Blackstone Senior Direct Lending Fund LP - Series I-Levered
0001992060,Blackstone Senior Direct Lending Fund LP - Series I-Unlevered
0001787510,Blackstone Senior Floating Rate Opportunity Feeder Fund LP
0001787513,Blackstone Senior Floating Rate Opportunity Fund LP
0001203153,Blackstone SERS Customized Fund L.P.
0001770692,Blackstone Side-by-Side Umbrella GP L.L.C.
0001663886,Blackstone Side-by-Side Umbrella Partnership L.P.
0001939576,Blackstone Silver Co-Invest (CYM) L.P.
0001515010,"Blackstone Sixth Avenue Offshore Fund Ltd. (Class A, B, C, K & L Shares)"
0002070780,Blackstone Slapshot Co-Invest L.P.
0001539960,BLACKSTONE SPECIAL FUNDING (CAYMAN) L.P.
0001495173,Blackstone Special Funding (Ireland)
0001540623,BLACKSTONE SPECIAL FUNDING (JERSEY) UNLIMITED
0001540624,BLACKSTONE SPECIAL FUNDING (LUXEMBOURG) S.A.R.L.
0001923124,Blackstone Speed Co-Invest (CYM) L.P.
0001749638,BLACKSTONE SPF UNIT TRUST
0001750030,Blackstone Spire Fund L.P.
0001748993,BLACKSTONE SPIRE INTERMEDIATE FUND L.P.
0001212899,BLACKSTONE STABLE ALPHA CUSTOMIZED FUND L P
0001748720,BLACKSTONE STRATEGIC ALLIANCE ADVISORS L.L.C.
0001482785,Blackstone Strategic Alliance Fund II L.P.
0001649522,Blackstone Strategic Alliance Fund III L.P.
0001866585,Blackstone Strategic Alliance Fund IV (Lux) SCSp
0001866592,Blackstone Strategic Alliance Fund IV L.P.
0001398895,BLACKSTONE STRATEGIC ALLIANCE FUND L P
0001408279,Blackstone Strategic Alliance Fund LP
0001649524,Blackstone Strategic Alliance Holdings III L.P.
0001492301,Blackstone Strategic Alliance Offshore Fund II Ltd.
0001649525,Blackstone Strategic Alliance Offshore Fund III Ltd.
0001398850,Blackstone Strategic Alliance Offshore Fund Ltd
0001748719,BLACKSTONE STRATEGIC CAPITAL ADVISORS L.L.C.
0001591055,Blackstone Strategic Capital Holdings (Cayman) L.P.
0001782647,Blackstone Strategic Capital Holdings II (Cayman) L.P.
0001782431,Blackstone Strategic Capital Holdings II (Lux) SCSp
0001797999,Blackstone Strategic Capital Holdings II (N Co-Invest) L.P.
0002060151,Blackstone Strategic Capital Holdings II (VOL Co-Invest) L.L.C.
0002060150,Blackstone Strategic Capital Holdings II (VOL Co-Invest) L.P.
0001782433,Blackstone Strategic Capital Holdings II L.P.
0001591057,Blackstone Strategic Capital Holdings L.P.
0001366785,BLACKSTONE STRATEGIC EQUITY FUND L P
0001415701,Blackstone Strategic Equity Offshore Fund Ltd
0001728529,Blackstone Strategic Opportunity Associates L.L.C.
0001556260,Blackstone Strategic Opportunity Fund L.P.
0001748994,BLACKSTONE STRATEGIC OPPORTUNITY INTERMEDIATE (E) FUND L.P.
0001748995,BLACKSTONE STRATEGIC OPPORTUNITY INTERMEDIATE FUND L.P.
0001585479,Blackstone Strategic Opportunity Offshore (E) Fund Ltd.
0001556258,Blackstone Strategic Opportunity Offshore Fund Ltd.
0001615085,"Blackstone Strategic Partners Secondaries VI Fund (Offshore), L.P."
0001615084,Blackstone Strategic Partners Secondaries VI Trust
0001675286,"Blackstone Strategic Partners Secondaries VII Fund (Offshore), L.P."
0001675278,Blackstone Strategic Partners Secondaries VII Trust
0001771791,"Blackstone Strategic Partners Secondaries VIII Fund (Offshore), L.P."
0001771851,"Blackstone Strategic Partners Secondaries VIII Fund, L.P."
0001456006,Blackstone Summer Street Fund Ltd.
0001938950,Blackstone Supplemental Account - O L.P.
0001500442,Blackstone SW Principal Transaction Partners L.P.
0001692035,Blackstone Tac Opps Access Fund (Offshore) L.P.
0001692032,Blackstone Tac Opps Access L.P.
0001845735,Blackstone Tactical Opportunities Advisors L.L.C.
0001844883,Blackstone Tactical Opportunities Associates - NQ L.L.C.
0001826419,Blackstone Tactical Opportunities Associates III - NQ L.P.
0001660520,Blackstone Tactical Opportunities Associates L.L.C.
0001704504,Blackstone Tactical Opportunities CR Fund L.P.
0001575483,Blackstone Tactical Opportunities EARN Holdings L.L.C.
0001767170,Blackstone Tactical Opportunities Fund (ACR Co-Invest) L.P.
0001990504,Blackstone Tactical Opportunities Fund (Barakan Co-Invest) (CYM) L.P.
0001799875,Blackstone Tactical Opportunities Fund (Buzz Co-Invest) L.P.
0001891536,Blackstone Tactical Opportunities Fund (Juno Co-Invest) L.P.
0001833818,Blackstone Tactical Opportunities Fund (K Co-Invest) (I-Feeder) L.P.
0001832523,Blackstone Tactical Opportunities Fund (K Co-Invest) L.P.
0001631608,Blackstone Tactical Opportunities Fund (KG Co-Invest) L.P.
0001620542,Blackstone Tactical Opportunities Fund (LIA Co-Invest) L.P.
0001691745,Blackstone Tactical Opportunities Fund (LS Co-Invest II) L.P.
0001656539,Blackstone Tactical Opportunities Fund (LS Co-Invest) L.P.
0001733354,Blackstone Tactical Opportunities Fund (LT Co-Invest) L.P.
0001990383,Blackstone Tactical Opportunities Fund (Matrix Co-Invest) L.P.
0001874358,Blackstone Tactical Opportunities Fund (Provenance Co-Invest) L.P.
0002024852,Blackstone Tactical Opportunities Fund (Rio Co-Invest) (CYM) L.P.
0002047932,Blackstone Tactical Opportunities Fund (Seaside 2.0 Co-Invest) (ONT) L.P.
0002051907,Blackstone Tactical Opportunities Fund (Smokey Co-Invest) L.P.
0001905513,Blackstone Tactical Opportunities Fund (Songs Co-Invest) L.P.
0001850540,Blackstone Tactical Opportunities Fund (Ticonderoga Co-Invest) (DE) L.P.
0001547559,Blackstone Tactical Opportunities Fund - A (PE) L.P.
0001853357,Blackstone Tactical Opportunities Fund - A (RA) - NQ L.P.
0001547560,Blackstone Tactical Opportunities Fund - A (RA) L.P.
0001853353,Blackstone Tactical Opportunities Fund - C - NQ L.P.
0001547561,Blackstone Tactical Opportunities Fund - C L.P.
0001825978,Blackstone Tactical Opportunities Fund - FD L.P.
0001671568,Blackstone Tactical Opportunities Fund - H L.P.
0001726109,Blackstone Tactical Opportunities Fund - HL L.P.
0001853356,Blackstone Tactical Opportunities Fund - I - NQ L.P.
0001853352,Blackstone Tactical Opportunities Fund - L - NQ L.P.
0001853349,Blackstone Tactical Opportunities Fund - N - NQ L.P.
0001853360,Blackstone Tactical Opportunities Fund - NQ L.P.
0001853350,Blackstone Tactical Opportunities Fund - O - NQ L.P.
0001853354,Blackstone Tactical Opportunities Fund - S - NQ L.P.
0001853346,Blackstone Tactical Opportunities Fund - T - NQ L.P.
0001853348,Blackstone Tactical Opportunities Fund - U - NQ L.L.C.
0001853347,Blackstone Tactical Opportunities Fund II - C - NQ L.P.
0001853358,Blackstone Tactical Opportunities Fund II - NQ L.P.
0001650294,Blackstone Tactical Opportunities Fund II - T L.P.
0001624939,Blackstone Tactical Opportunities Fund II L.P.
0001712940,Blackstone Tactical Opportunities Fund III - Lux SCSp
0001713206,Blackstone Tactical Opportunities Fund III L.P.
0001869019,Blackstone Tactical Opportunities Fund IV - Lux SCSp
0001869020,Blackstone Tactical Opportunities Fund IV L.P.
0001579919,Blackstone Tactical Opportunities Fund L L.P.
0001557137,Blackstone Tactical Opportunities Fund L.P.
0001728822,Blackstone Tactical Opportunities LR Associates (Cayman) Ltd.
0001724967,Blackstone Tactical Opportunities LR Associates-B (Cayman) Ltd.
0001758419,Blackstone Tactical Opportunities Management Associates (Cayman) - NQ L.P.
0001728665,Blackstone Tactical Opportunities Management Associates (Cayman) L.P.
0001707729,Blackstone Tactical Opportunities RI Fund L.P.
0001713859,Blackstone Tactical Opportunities RL Fund (Lux) SCSp
0001711039,Blackstone Tactical Opportunities RL Fund L.P.
0001685911,Blackstone Tactical Opportunities Stable Income Fund (GG Co-Invest) L.P.
0001875589,Blackstone Tahoe Co-Invest L.P.
0001419805,Blackstone TE Credit Liquidity Feeder Fund LP
0001991991,Blackstone Technology Senior Direct Lending Feeder Fund LP
0001991990,Blackstone Technology Senior Direct Lending Fund LP
0001352702,Blackstone TG Capital Partners IV L.P.
0001352704,Blackstone TG Capital Partners IV-B L.P.
0001749639,BLACKSTONE TGL FUND L.P.
0001749641,BLACKSTONE TGL OFFSHORE FUND LTD.
0001749640,BLACKSTONE TITAN UNIT TRUST
0001693261,Blackstone TN Partners L.P.
0001416883,Blackstone Topaz Fund L.P.
0001615849,Blackstone Total Alternatives Solution 2014 L.P.
0001615848,Blackstone Total Alternatives Solution 2014-A L.P.
0001632702,Blackstone Total Alternatives Solution 2015 I L.P.
0001632701,Blackstone Total Alternatives Solution 2015-A I L.P.
0001691365,Blackstone Total Alternatives Solution 2016 L.P.
0001691248,Blackstone Total Alternatives Solution 2016-A L.P.
0001724911,Blackstone Total Alternatives Solution IV L.P.
0001724912,Blackstone Total Alternatives Solution IV-A L.P.
0001753059,Blackstone Total Alternatives Solution V (iCapital) L.P.
0001754918,Blackstone Total Alternatives Solution V L.P.
0001754906,Blackstone Total Alternatives Solution V-A L.P.
0001796350,Blackstone Total Alternatives Solution VI L.P.
0001796351,Blackstone Total Alternatives Solution VI-A L.P.
0001821640,"Blackstone Total Alternatives Solution VII (iCapital), L.P."
0001835933,Blackstone Total Alternatives Solution VII L.P.
0001835934,Blackstone Total Alternatives Solution VII-A L.P.
0001906461,Blackstone Total Alternatives Solution VIII L.P.
0001906458,Blackstone Total Alternatives Solution VIII-A L.P.
0001749642,BLACKSTONE TPF UNIT TRUST
0001871590,Blackstone Treasury Holdings II LLC
0001717275,Blackstone Treasury Holdings III L.L.C.
0001717406,Blackstone Treasury Solutions Associates L.L.C.
0001717400,Blackstone Treasury Solutions Master Fund L.P.
0001749643,BLACKSTONE TS MASTER FUND LP
0001749644,BLACKSTONE TS OFFSHORE FUND LTD.
0001749645,BLACKSTONE TURQUOISE FUND UNIT TRUST
0001652990,Blackstone UK Mortgage Opportunities Fund L.P.
0001771835,Blackstone Unite Partners L.P.
0001528604,Blackstone US Equity Select Fund A L.P.
0001521109,Blackstone US Equity Select Fund A Ltd.
0001521050,Blackstone US Equity Select Fund Ltd.
0001749679,BLACKSTONE V FUND L.P.
0001749680,BLACKSTONE V OFFSHORE FUND LTD.
0001749681,BLACKSTONE VALIANT UNIT TRUST
0000012473,"BLACKSTONE VALLEY ELECTRIC CO
SIC: 4911 - ELECTRIC SERVICES"
0001386856,BLACKSTONE VALLEY SURGICARE ACQUISITION L P
0001448536,BLACKSTONE VALUE RECOVERY FUND LP
0001450531,BLACKSTONE VALUE RECOVERY OFFSHORE FUND LTD
0001367659,Blackstone Vanderbilt Avenue Offshore Fund Ltd.
0001749682,BLACKSTONE VK FUND L.P.
0001749683,BLACKSTONE VK OFFSHORE FUND LTD.
0001828032,"Blackstone VNT Co-Invest, L.P."
0001825045,Blackstone Wave Issuer L.L.C.
0002058871,Blackstone Whitecap Co-Invest L.P.
0001749684,BLACKSTONE YEBISU UNIT TRUST
0001367661,Blackstone York Avenue Offshore Fund Ltd.
0001739415,Blackstone York Partners II (Cayman) L.P.
0001597548,BLACKSTONE/GSO GLOBAL DYNAMIC CREDIT EUR FEEDER FUND (IRELAND)
0001597367,BLACKSTONE/GSO GLOBAL DYNAMIC CREDIT FEEDER FUND (CAYMAN) LP
